{
	"info": {
		"_postman_id": "9949b587-2477-4ff3-a3e0-9e27fb6ecb82",
		"name": "auth-almas",
		"schema": "https://schema.getpostman.com/json/collection/v2.1.0/collection.json"
	},
	"item": [
		{
			"name": "register",
			"request": {
				"method": "POST",
				"header": [
					{
						"key": "service",
						"value": "[\"bidabor\"]",
						"type": "text"
					}
				],
				"body": {
					"mode": "formdata",
					"formdata": [
						{
							"key": "role",
							"value": "{ \"bidabor\": \"user\" }",
							"type": "text"
						},
						{
							"key": "phone_number",
							"value": "09176420200",
							"type": "text"
						},
						{
							"key": "password",
							"value": "12345678",
							"type": "text"
						},
						{
							"key": "username",
							"value": "darab",
							"type": "text"
						},
						{
							"key": "email",
							"value": "alirezakargarsuport@gmail.com",
							"type": "text",
							"disabled": true
						},
						{
							"key": "real_or_legal",
							"value": "real",
							"type": "text",
							"disabled": true
						},
						{
							"key": "user_information",
							"value": "{ \"name\": \"alireza\" }",
							"type": "text",
							"disabled": true
						},
						{
							"key": "company_information",
							"value": "{ \"name\": \"ship\" }",
							"type": "text",
							"disabled": true
						}
					]
				},
				"url": {
					"raw": "http://localhost:3009/register",
					"protocol": "http",
					"host": [
						"localhost"
					],
					"port": "3009",
					"path": [
						"register"
					]
				}
			},
			"response": []
		},
		{
			"name": "login",
			"request": {
				"method": "POST",
				"header": [
					{
						"key": "service",
						"value": "[\"ak\"]",
						"type": "text"
					},
					{
						"key": "role",
						"value": "{ \"bidabor\": \"admin\" }",
						"type": "text"
					}
				],
				"body": {
					"mode": "formdata",
					"formdata": [
						{
							"key": "username",
							"value": "darab",
							"type": "text"
						},
						{
							"key": "password",
							"value": "12345678",
							"type": "text"
						}
					]
				},
				"url": {
					"raw": "http://localhost:3009/login",
					"protocol": "http",
					"host": [
						"localhost"
					],
					"port": "3009",
					"path": [
						"login"
					]
				}
			},
			"response": []
		},
		{
			"name": "logout",
			"request": {
				"method": "POST",
				"header": [],
				"body": {
					"mode": "formdata",
					"formdata": [
						{
							"key": "auth_token",
							"value": "eyJhbGciOiJIUzI1NiIsInR5cCI6IkpXVCJ9.eyJpZCI6IjcwMjhlN2EzLWVjNzUtNGIzNi1iODNiLTBjYzQ5MTZlMjZiZSIsInJvbGUiOiJzdXBlcnVzZXIiLCJ1c2VybmFtZSI6ImFsaXJlemFhIiwiaWF0IjoxNjI2MzMyOTY3LCJleHAiOjE2MjYzNTQ1Njd9.Omn0HqF3yc_WA8qIchXAbnpZ8LzRMUBQV1wxdNvH5HA",
							"type": "text"
						}
					]
				},
				"url": {
					"raw": "http://localhost:3009/logout",
					"protocol": "http",
					"host": [
						"localhost"
					],
					"port": "3009",
					"path": [
						"logout"
					]
				}
			},
			"response": []
		},
		{
			"name": "update password",
			"request": {
				"method": "POST",
				"header": [],
				"body": {
					"mode": "formdata",
					"formdata": [
						{
							"key": "auth_token",
							"value": "eyJhbGciOiJIUzI1NiIsInR5cCI6IkpXVCJ9.eyJpZCI6IjVjNmU4YTAxLTZmOTUtNGZhOC05YmQ1LWU1MDU3YzQwYTgxOSIsInJvbGUiOiJ7IFwidHJcIjpcImJyXCIgfSIsInVzZXJuYW1lIjoiZGFyYWIiLCJpYXQiOjE2MjcwNTQ0NzgsImV4cCI6MTYyNzA2MTY3OH0._qVRX3m-SUuwtO8GL9ZORHf46omWqA8Zjr64AcwFSIM",
							"type": "text"
						},
						{
							"key": "password",
							"value": "888897478",
							"type": "text"
						}
					]
				},
				"url": {
					"raw": "http://localhost:3009/user/update/password",
					"protocol": "http",
					"host": [
						"localhost"
					],
					"port": "3009",
					"path": [
						"user",
						"update",
						"password"
					]
				}
			},
			"response": []
		},
		{
			"name": "update phone number",
			"request": {
				"method": "POST",
				"header": [],
				"body": {
					"mode": "formdata",
					"formdata": [
						{
							"key": "auth_token",
							"value": "eyJhbGciOiJIUzI1NiIsInR5cCI6IkpXVCJ9.eyJpZCI6IjVjNmU4YTAxLTZmOTUtNGZhOC05YmQ1LWU1MDU3YzQwYTgxOSIsInJvbGUiOiJ7IFwiYmlkYWJvclwiOiBcInVzZXJcIiB9IiwidXNlcm5hbWUiOiJkYXJhYiIsImlhdCI6MTYyNzA1MjcyNSwiZXhwIjoxNjI3MDU5OTI1fQ.nZjEZ0EOxyeS81Mb1AYJem0jv7GlvJfTK_H7vLE0FUM",
							"type": "text"
						},
						{
							"key": "phone_number",
							"value": "09176420200",
							"type": "text"
						}
					]
				},
				"url": {
					"raw": "http://localhost:3009/user/update/phone-number",
					"protocol": "http",
					"host": [
						"localhost"
					],
					"port": "3009",
					"path": [
						"user",
						"update",
						"phone-number"
					]
				}
			},
			"response": []
		},
		{
			"name": "update email",
			"request": {
				"method": "POST",
				"header": [],
				"body": {
					"mode": "formdata",
					"formdata": [
						{
							"key": "auth_token",
							"value": "eyJhbGciOiJIUzI1NiIsInR5cCI6IkpXVCJ9.eyJpZCI6IjVjNmU4YTAxLTZmOTUtNGZhOC05YmQ1LWU1MDU3YzQwYTgxOSIsInJvbGUiOiJ7IFwiYmlkYWJvclwiOiBcInVzZXJcIiB9IiwidXNlcm5hbWUiOiJkYXJhYiIsImlhdCI6MTYyNzA1MjcyNSwiZXhwIjoxNjI3MDU5OTI1fQ.nZjEZ0EOxyeS81Mb1AYJem0jv7GlvJfTK_H7vLE0FUM",
							"type": "text"
						},
						{
							"key": "email",
							"value": "alirezakargarsuport@gmail.com",
							"type": "text"
						}
					]
				},
				"url": {
					"raw": "http://localhost:3009/user/update/email",
					"protocol": "http",
					"host": [
						"localhost"
					],
					"port": "3009",
					"path": [
						"user",
						"update",
						"email"
					]
				}
			},
			"response": []
		},
		{
			"name": "user information update",
			"request": {
				"method": "POST",
				"header": [],
				"body": {
					"mode": "formdata",
					"formdata": [
						{
							"key": "auth_token",
							"value": "eyJhbGciOiJIUzI1NiIsInR5cCI6IkpXVCJ9.eyJpZCI6IjVjNmU4YTAxLTZmOTUtNGZhOC05YmQ1LWU1MDU3YzQwYTgxOSIsInJvbGUiOiJ7IFwiYmlkYWJvclwiOiBcInVzZXJcIiB9IiwidXNlcm5hbWUiOiJkYXJhYiIsImlhdCI6MTYyNzA1MjcyNSwiZXhwIjoxNjI3MDU5OTI1fQ.nZjEZ0EOxyeS81Mb1AYJem0jv7GlvJfTK_H7vLE0FUM",
							"type": "text"
						},
						{
							"key": "user_information",
							"value": "{ \"name\":\"darab\" }",
							"type": "text"
						},
						{
							"key": "national_code",
							"value": "3540209841",
							"type": "text"
						},
						{
							"key": "real_or_legal",
							"value": "real",
							"type": "text"
						}
					]
				},
				"url": {
					"raw": "http://localhost:3009/user/update/user-information",
					"protocol": "http",
					"host": [
						"localhost"
					],
					"port": "3009",
					"path": [
						"user",
						"update",
						"user-information"
					]
				}
			},
			"response": []
		},
		{
			"name": "update social meadia",
			"request": {
				"method": "POST",
				"header": [
					{
						"key": "auth_token",
						"value": "eyJhbGciOiJIUzI1NiIsInR5cCI6IkpXVCJ9.eyJpZCI6IjVjNmU4YTAxLTZmOTUtNGZhOC05YmQ1LWU1MDU3YzQwYTgxOSIsInJvbGUiOiJ7IFwiYmlkYWJvclwiOiBcInVzZXJcIiB9IiwidXNlcm5hbWUiOiJkYXJhYiIsImlhdCI6MTYyNzA1MjcyNSwiZXhwIjoxNjI3MDU5OTI1fQ.nZjEZ0EOxyeS81Mb1AYJem0jv7GlvJfTK_H7vLE0FUM",
						"type": "text"
					}
				],
				"body": {
					"mode": "formdata",
					"formdata": [
						{
							"key": "social_media",
							"value": "{ \"insta\": \"ali\" }",
							"type": "text"
						}
					]
				},
				"url": {
					"raw": "http://localhost:3009/user/update/social_media",
					"protocol": "http",
					"host": [
						"localhost"
					],
					"port": "3009",
					"path": [
						"user",
						"update",
						"social_media"
					]
				}
			},
			"response": []
		},
		{
			"name": "role update",
			"request": {
				"method": "POST",
				"header": [],
				"body": {
					"mode": "formdata",
					"formdata": [
						{
							"key": "auth_token",
							"value": "eyJhbGciOiJIUzI1NiIsInR5cCI6IkpXVCJ9.eyJpZCI6IjVjNmU4YTAxLTZmOTUtNGZhOC05YmQ1LWU1MDU3YzQwYTgxOSIsInJvbGUiOiJ7IFwiYmlkYWJvclwiOiBcInVzZXJcIiB9IiwidXNlcm5hbWUiOiJkYXJhYiIsImlhdCI6MTYyNzA1MjcyNSwiZXhwIjoxNjI3MDU5OTI1fQ.nZjEZ0EOxyeS81Mb1AYJem0jv7GlvJfTK_H7vLE0FUM",
							"type": "text"
						},
						{
							"key": "role",
							"value": "{ \"tr\":\"br\" }",
							"type": "text"
						}
					]
				},
				"url": {
					"raw": "http://localhost:3009/user/update/role",
					"protocol": "http",
					"host": [
						"localhost"
					],
					"port": "3009",
					"path": [
						"user",
						"update",
						"role"
					]
				}
			},
			"response": []
		},
		{
			"name": "company information update",
			"request": {
				"method": "POST",
				"header": [],
				"body": {
					"mode": "formdata",
					"formdata": [
						{
							"key": "auth_token",
							"value": "eyJhbGciOiJIUzI1NiIsInR5cCI6IkpXVCJ9.eyJpZCI6IjVjNmU4YTAxLTZmOTUtNGZhOC05YmQ1LWU1MDU3YzQwYTgxOSIsInJvbGUiOiJ7IFwiYmlkYWJvclwiOiBcInVzZXJcIiB9IiwidXNlcm5hbWUiOiJkYXJhYiIsImlhdCI6MTYyNzA1MjcyNSwiZXhwIjoxNjI3MDU5OTI1fQ.nZjEZ0EOxyeS81Mb1AYJem0jv7GlvJfTK_H7vLE0FUM",
							"type": "text"
						},
						{
							"key": "company_information",
							"value": "{ \"phone_number\": \"09376489525\" }",
							"type": "text"
						},
						{
							"key": "registration_id",
							"value": "99999",
							"type": "text"
						},
						{
							"key": "national_id",
							"value": "8888",
							"type": "text"
						},
						{
							"key": "economic_code",
							"value": "20014",
							"type": "text"
						},
						{
							"key": "company_name",
							"value": "ak company",
							"type": "text"
						}
					]
				},
				"url": {
					"raw": "http://localhost:3009/user/update/company-information",
					"protocol": "http",
					"host": [
						"localhost"
					],
					"port": "3009",
					"path": [
						"user",
						"update",
						"company-information"
					]
				}
			},
			"response": []
		},
		{
			"name": "recovery by email",
			"request": {
				"method": "POST",
				"header": [],
				"body": {
					"mode": "formdata",
					"formdata": [
						{
							"key": "email",
							"value": "alirezakargarsuport@gmail.com",
							"type": "text"
						}
					]
				},
				"url": {
					"raw": "http://localhost:3009/recovery-by/send-email",
					"protocol": "http",
					"host": [
						"localhost"
					],
					"port": "3009",
					"path": [
						"recovery-by",
						"send-email"
					]
				}
			},
			"response": []
		},
		{
			"name": "recovery by sms",
			"request": {
				"method": "POST",
				"header": [],
				"body": {
					"mode": "formdata",
					"formdata": [
						{
							"key": "phone_number",
							"value": "09376489525",
							"type": "text"
						}
					]
				},
				"url": {
					"raw": "http://localhost:3009/recovery-by/send-sms",
					"protocol": "http",
					"host": [
						"localhost"
					],
					"port": "3009",
					"path": [
						"recovery-by",
						"send-sms"
					]
				}
			},
			"response": []
		},
		{
			"name": "recover",
			"request": {
				"method": "POST",
				"header": [],
				"body": {
					"mode": "formdata",
					"formdata": [
						{
							"key": "code",
							"value": "212151",
							"type": "text"
						},
						{
							"key": "password",
							"value": "12345678",
							"type": "text"
						},
						{
							"key": "",
							"value": "",
							"type": "text",
							"disabled": true
						}
					]
				},
				"url": {
					"raw": "http://localhost:3009/recovery-by/recover",
					"protocol": "http",
					"host": [
						"localhost"
					],
					"port": "3009",
					"path": [
						"recovery-by",
						"recover"
					]
				}
			},
			"response": []
		},
		{
			"name": "get role",
			"request": {
				"auth": {
					"type": "basic",
					"basic": [
						{
							"key": "password",
							"value": "test",
							"type": "string"
						},
						{
							"key": "username",
							"value": "shid",
							"type": "string"
						}
					]
				},
				"method": "POST",
				"header": [
					{
						"key": "service",
						"value": "bidabor",
						"type": "text"
					},
					{
						"key": "auth_token",
						"value": "eyJhbGciOiJIUzI1NiIsInR5cCI6IkpXVCJ9.eyJpZCI6IjVjNmU4YTAxLTZmOTUtNGZhOC05YmQ1LWU1MDU3YzQwYTgxOSIsInJvbGUiOiJ7IFwiYmlkYWJvclwiOiBcInVzZXJcIiB9IiwidXNlcm5hbWUiOiJkYXJhYiIsImlhdCI6MTYyNzA1MjcyNSwiZXhwIjoxNjI3MDU5OTI1fQ.nZjEZ0EOxyeS81Mb1AYJem0jv7GlvJfTK_H7vLE0FUM",
						"type": "text"
					}
				],
				"body": {
					"mode": "formdata",
					"formdata": []
				},
				"url": {
					"raw": "http://localhost:3009/user/get-roles",
					"protocol": "http",
					"host": [
						"localhost"
					],
					"port": "3009",
					"path": [
						"user",
						"get-roles"
					]
				}
			},
			"response": []
		},
		{
			"name": "recovery by last_pass",
			"request": {
				"method": "POST",
				"header": [
					{
						"key": "service",
						"value": "bidabor",
						"type": "text"
					}
				],
				"body": {
					"mode": "formdata",
					"formdata": [
						{
							"key": "username",
							"value": "darab",
							"type": "text"
						},
						{
							"key": "last_password",
							"value": "009881951",
							"type": "text"
						}
					]
				},
				"url": {
					"raw": "http://localhost:3009/recovery-by/last-password",
					"protocol": "http",
					"host": [
						"localhost"
					],
					"port": "3009",
					"path": [
						"recovery-by",
						"last-password"
					]
				}
			},
			"response": []
		},
		{
			"name": "delete user account",
			"request": {
				"method": "POST",
				"header": [
					{
						"key": "auth_token",
						"value": "eyJhbGciOiJIUzI1NiIsInR5cCI6IkpXVCJ9.eyJpZCI6ImYwNGE3Y2U1LTQyOTctNDlhYi1iODQwLTZmNzJjMjM0ZmI1MyIsInJvbGUiOiJ7IFwiYmlkYWJvclwiOiBcInVzZXJcIiB9IiwidXNlcm5hbWUiOiJkYXJhYiIsImlhdCI6MTYyNzA1MjUwOSwiZXhwIjoxNjI3MDU5NzA5fQ.7pdtx_jr1vYO35eh5oH9346_w0xMuGtPUCMA3Qyhs5g",
						"type": "text"
					},
					{
						"key": "service",
						"value": "[\"bidabor\"]",
						"type": "text"
					}
				],
				"url": {
					"raw": "http://localhost:3009/user/delete-account",
					"protocol": "http",
					"host": [
						"localhost"
					],
					"port": "3009",
					"path": [
						"user",
						"delete-account"
					]
				}
			},
			"response": []
		},
		{
			"name": "update security question",
			"request": {
				"method": "POST",
				"header": [
					{
						"key": "service",
						"value": "[\"bidabor\"]",
						"type": "text"
					},
					{
						"key": "auth_token",
						"value": "eyJhbGciOiJIUzI1NiIsInR5cCI6IkpXVCJ9.eyJpZCI6IjVjNmU4YTAxLTZmOTUtNGZhOC05YmQ1LWU1MDU3YzQwYTgxOSIsInJvbGUiOiJ7IFwidHJcIjpcImJyXCIgfSIsInVzZXJuYW1lIjoiZGFyYWIiLCJpYXQiOjE2MjcwNTQ0NzgsImV4cCI6MTYyNzA2MTY3OH0._qVRX3m-SUuwtO8GL9ZORHf46omWqA8Zjr64AcwFSIM",
						"type": "text"
					}
				],
				"body": {
					"mode": "formdata",
					"formdata": [
						{
							"key": "answers",
							"value": "{\"what is your favorite movie?\": \"thor\", \"what is your favorite place?\": \"germany\"}",
							"type": "text"
						}
					]
				},
				"url": {
					"raw": "http://localhost:3009/user/update/security_question",
					"protocol": "http",
					"host": [
						"localhost"
					],
					"port": "3009",
					"path": [
						"user",
						"update",
						"security_question"
					]
				}
			},
			"response": []
		},
		{
			"name": "recovery by answers",
			"request": {
				"method": "POST",
				"header": [
					{
						"key": "service",
						"value": "[\"bidabor\"]",
						"type": "text"
					}
				],
				"body": {
					"mode": "formdata",
					"formdata": [
						{
							"key": "username",
							"value": "darab",
							"type": "text"
						},
						{
							"key": "answer",
							"value": "thor",
							"type": "text"
						},
						{
							"key": "pass",
							"value": "1234567877",
							"type": "text"
						},
						{
							"key": "question",
							"value": "what is your favorite movie?",
							"type": "text"
						}
					]
				},
				"url": {
					"raw": "http://localhost:3009/recovery-by/answers",
					"protocol": "http",
					"host": [
						"localhost"
					],
					"port": "3009",
					"path": [
						"recovery-by",
						"answers"
					]
				}
			},
			"response": []
		},
		{
			"name": "get session",
			"request": {
				"method": "POST",
				"header": [
					{
						"key": "auth_token",
						"value": "eyJhbGciOiJIUzI1NiIsInR5cCI6IkpXVCJ9.eyJpZCI6IjVjNmU4YTAxLTZmOTUtNGZhOC05YmQ1LWU1MDU3YzQwYTgxOSIsInJvbGUiOiJ7IFwidHJcIjpcImJyXCIgfSIsInVzZXJuYW1lIjoiZGFyYWIiLCJpYXQiOjE2MjcwNTY5MzYsImV4cCI6MTYyNzA2NDEzNn0.EHvjnrJdceo268VSyCxcEYNOGdB_FNkqhPoFBh8IGaY",
						"type": "text"
					},
					{
						"key": "service",
						"value": "bidabor",
						"type": "text"
					}
				],
				"url": {
					"raw": "http://localhost:3009/sessions/get",
					"protocol": "http",
					"host": [
						"localhost"
					],
					"port": "3009",
					"path": [
						"sessions",
						"get"
					]
				}
			},
			"response": []
		},
		{
			"name": "get user data",
			"request": {
				"method": "POST",
				"header": [
					{
						"key": "service",
						"value": "[\"service\"]",
						"type": "text"
					},
					{
						"key": "auth_token",
						"value": "eyJhbGciOiJIUzI1NiIsInR5cCI6IkpXVCJ9.eyJpZCI6IjVjNmU4YTAxLTZmOTUtNGZhOC05YmQ1LWU1MDU3YzQwYTgxOSIsInJvbGUiOiJ7IFwidHJcIjpcImJyXCIgfSIsInVzZXJuYW1lIjoiZGFyYWIiLCJpYXQiOjE2MjcwNTY5MzYsImV4cCI6MTYyNzA2NDEzNn0.EHvjnrJdceo268VSyCxcEYNOGdB_FNkqhPoFBh8IGaY",
						"type": "text"
					}
				],
				"url": {
					"raw": "http://localhost:3009/user/get-users",
					"protocol": "http",
					"host": [
						"localhost"
					],
					"port": "3009",
					"path": [
						"user",
						"get-users"
					]
				}
			},
			"response": []
		},
		{
			"name": "update configuration",
			"request": {
				"method": "POST",
				"header": [],
				"url": null
			},
			"response": []
		},
		{
			"name": "search",
			"request": {
				"method": "POST",
				"header": [
					{
						"key": "service",
						"value": "[\"bidabor\"]",
						"type": "text"
					},
					{
						"key": "auth_token",
						"value": "eyJhbGciOiJIUzI1NiIsInR5cCI6IkpXVCJ9.eyJpZCI6IjVjNGRiODk1LTYzOGUtNDkyZi1iMDJjLTY4NTIyY2FiNDQ5ZiIsInJvbGUiOiJhZG1pbiIsInNlcnZpY2UiOiJbXCJiaWRhYm9yXCIsXCJha1wiXSIsImlhdCI6MTYyNzA1NzA5NSwiZXhwIjoxNjI3MDY0Mjk1fQ.ORdReCHKyS4WO_539pYs98EtuG_40uze3Jt97NBzZiQ",
						"type": "text"
					}
				],
				"body": {
					"mode": "formdata",
					"formdata": [
						{
							"key": "username",
							"value": "darab",
							"type": "text"
						},
						{
							"key": "national_code",
							"value": "354",
							"type": "text",
							"disabled": true
						}
					]
				},
				"url": {
					"raw": "http://localhost:3009/search_users",
					"protocol": "http",
					"host": [
						"localhost"
					],
					"port": "3009",
					"path": [
						"search_users"
					]
				}
			},
			"response": []
		},
		{
			"name": "admin login",
			"request": {
				"method": "POST",
				"header": [],
				"body": {
					"mode": "formdata",
					"formdata": [
						{
							"key": "code",
							"value": "205856",
							"type": "text"
						}
					]
				},
				"url": {
					"raw": "http://localhost:3009/login/admin",
					"protocol": "http",
					"host": [
						"localhost"
					],
					"port": "3009",
					"path": [
						"login",
						"admin"
					]
				}
			},
			"response": []
		},
		{
			"name": "block user",
			"request": {
				"method": "POST",
				"header": [
					{
						"key": "auth_token",
						"value": "eyJhbGciOiJIUzI1NiIsInR5cCI6IkpXVCJ9.eyJpZCI6IjVjNGRiODk1LTYzOGUtNDkyZi1iMDJjLTY4NTIyY2FiNDQ5ZiIsInJvbGUiOiJhZG1pbiIsInNlcnZpY2UiOiJbXCJiaWRhYm9yXCIsXCJha1wiXSIsImlhdCI6MTYyNzA1MTU0MywiZXhwIjoxNjI3MDU4NzQzfQ.ikTJCxJ9A-VvCKWKuifJsqtjSWosJa2TVWb6Wn2UqFg",
						"type": "text"
					},
					{
						"key": "service",
						"value": "[\"bidabor\"]",
						"type": "text"
					},
					{
						"key": "",
						"value": "",
						"type": "text"
					}
				],
				"body": {
					"mode": "formdata",
					"formdata": [
						{
							"key": "user_id",
							"value": "5c6e8a01-6f95-4fa8-9bd5-e5057c40a819",
							"type": "text"
						},
						{
							"key": "block",
							"value": "true",
							"type": "text"
						}
					]
				},
				"url": {
					"raw": "http://localhost:3009/admin/block-user",
					"protocol": "http",
					"host": [
						"localhost"
					],
					"port": "3009",
					"path": [
						"admin",
						"block-user"
					]
				}
			},
			"response": []
		}
	]
}